designation,designation_metric,W_lb_ft,A_in2,d_in,tw_in,bf_in,tf_in,Ix_in4,Sx_in3,rx_in,Zx_in3,Iy_in4,Sy_in3,ry_in,Zy_in3,J_in4,Cw_in6,rts_in,ho_in
W44X335,W1100X499,335,98.5,44,1.03,15.9,1.77,31100,1410,17.8,1620,1200,150,3.49,236,74.7,535000,4.24,42.2
W44X290,W1100X433,290,85.4,43.6,0.865,15.8,1.58,27000,1240,17.8,1410,1040,132,3.49,205,50.9,461000,4.2,42
W44X262,W1100X390,262,77.2,43.3,0.785,15.8,1.42,24100,1110,17.7,1270,923,117,3.47,182,37.3,405000,4.17,41.9
W44X230,W1100X343,230,67.8,42.9,0.71,15.8,1.22,20800,971,17.5,1100,796,101,3.43,157,24.9,346000,4.13,41.7
W40X655,W1000X976,655,193,43.6,1.97,16.9,3.54,56500,2590,17.1,3080,2870,340,3.86,542,589,1.15e+06,4.71,40.1
W40X593,W1000X883,593,174,43,1.79,16.7,3.23,50400,2340,17,2760,2520,302,3.8,481,445,997000,4.63,39.8
W40X503,W1000X748,503,148,42.1,1.54,16.4,2.76,41600,1980,16.8,2320,2040,249,3.72,394,277,789000,4.5,39.3
W40X431,W1000X642,431,127,41.3,1.34,16.2,2.36,34800,1690,16.6,1960,1690,208,3.65,328,177,638000,4.41,38.9
W40X397,W1000X591,397,117,41,1.22,16.1,2.2,32000,1560,16.6,1800,1540,191,3.64,300,142,579000,4.38,38.8
W40X372,W1000X554,372,110,40.6,1.16,16.1,2.05,29600,1460,16.5,1680,1420,177,3.6,277,116,528000,4.33,38.6
W40X362,W1000X539,362,106,40.6,1.12,16,2.01,28900,1420,16.5,1640,1380,173,3.6,270,109,513000,4.33,38.6
W40X324,W1000X483,324,95.3,40.2,1,15.9,1.81,25600,1280,16.4,1460,1220,153,3.58,239,79.4,448000,4.27,38.4
W40X297,W1000X443,297,87.3,39.8,0.93,15.8,1.65,23200,1170,16.3,1330,1090,138,3.54,215,61.2,399000,4.22,38.2
W40X277,W1000X412,277,81.5,39.7,0.83,15.8,1.58,21900,1100,16.4,1250,1040,132,3.58,204,51.5,379000,4.25,38.1
W40X249,W1000X371,249,73.5,39.4,0.75,15.8,1.42,19600,993,16.3,1120,926,118,3.55,182,38.1,334000,4.21,38
W40X215,W1000X321,215,63.5,39,0.65,15.8,1.22,16700,859,16.2,964,803,101,3.54,156,24.8,284000,4.19,37.8
W40X199,W1000X296,199,58.8,38.7,0.65,15.8,1.07,14900,770,16,869,695,88.2,3.45,137,18.3,246000,4.12,37.6
W40X392,W1000X584,392,116,41.6,1.42,12.4,2.52,29900,1440,16.1,1710,803,130,2.64,212,172,306000,3.3,39.1
W40X331,W1000X494,331,97.7,40.8,1.22,12.2,2.13,24700,1210,15.9,1430,644,106,2.57,172,105,241000,3.21,38.7
W40X327,W1000X486,327,95.9,40.8,1.18,12.1,2.13,24500,1200,16,1410,640,105,2.58,170,103,239000,3.21,38.7
W40X294,W1000X438,294,86.2,40.4,1.06,12,1.93,21900,1080,15.9,1270,562,93.5,2.55,150,76.6,208000,3.16,38.5
W40X278,W1000X415,278,82.3,40.2,1.03,12,1.81,20500,1020,15.8,1190,521,87.1,2.52,140,65,192000,3.13,38.4
W40X264,W1000X393,264,77.4,40,0.96,11.9,1.73,19400,971,15.8,1130,493,82.6,2.52,132,56.1,181000,3.12,38.3
W40X235,W1000X350,235,69.1,39.7,0.83,11.9,1.58,17400,875,15.9,1010,444,74.6,2.54,118,41.3,161000,3.11,38.1
W40X211,W1000X314,211,62.1,39.4,0.75,11.8,1.42,15500,786,15.8,906,390,66.1,2.51,105,30.4,141000,3.07,38
W40X183,W1000X272,183,53.3,39,0.65,11.8,1.2,13200,675,15.7,774,331,56,2.49,88.3,19.3,118000,3.04,37.8
W40X167,W1000X249,167,49.3,38.6,0.65,11.8,1.03,11600,600,15.3,693,283,47.9,2.4,76,14,99700,2.98,37.6
W40X149,W1000X222,149,43.8,38.2,0.63,11.8,0.83,9800,513,15,598,229,38.8,2.29,62.2,9.36,80000,2.89,37.4
W36X925,W920X1377,925,272,43.1,3.02,18.6,4.53,73000,3390,16.4,4130,4940,531,4.26,862,1430,1.84e+06,5.3,38.6
W36X853,W920X1269,853,251,43.1,2.52,18.2,4.53,70000,3250,16.7,3920,4600,505,4.28,805,1240,1.71e+06,5.22,38.6
W36X802,W920X1194,802,236,42.6,2.38,18,4.29,64800,3040,16.6,3660,4210,468,4.22,744,1050,1.54e+06,5.15,38.3
W36X723,W920X1077,723,213,41.8,2.17,17.8,3.9,57300,2740,16.4,3270,3700,416,4.17,658,785,1.33e+06,5.06,37.9
W36X652,W920X970,652,192,41.1,1.97,17.6,3.54,50600,2460,16.2,2910,3230,367,4.1,581,593,1.13e+06,4.96,37.6
W36X529,W920X787,529,156,39.8,1.61,17.2,2.91,39600,1990,16,2330,2490,289,4,454,327,846000,4.8,36.9
W36X487,W920X725,487,143,39.3,1.5,17.1,2.68,36000,1830,15.8,2130,2250,263,3.96,412,258,754000,4.74,36.6
W36X441,W920X656,441,130,38.9,1.36,17,2.44,32100,1650,15.7,1910,1990,235,3.92,368,194,661000,4.69,36.5
W36X395,W920X588,395,116,38.4,1.22,16.8,2.2,28500,1490,15.7,1710,1750,208,3.88,325,142,575000,4.61,36.2
W36X361,W920X537,361,106,38,1.12,16.7,2.01,25700,1350,15.6,1550,1570,188,3.85,293,109,509000,4.58,36
W36X330,W920X491,330,96.9,37.7,1.02,16.6,1.85,23300,1240,15.5,1410,1420,171,3.83,265,84.3,456000,4.53,35.9
W36X302,W920X449,302,89,37.3,0.945,16.7,1.68,21100,1130,15.4,1280,1300,156,3.82,241,64.3,412000,4.53,35.6
W36X282,W920X420,282,82.9,37.1,0.885,16.6,1.57,19600,1050,15.4,1190,1200,144,3.8,223,52.7,378000,4.5,35.5
W36X262,W920X390,262,77.2,36.9,0.84,16.6,1.44,17900,972,15.3,1100,1090,132,3.76,204,41.6,342000,4.46,35.5
W36X247,W920X368,247,72.5,36.7,0.8,16.5,1.35,16700,913,15.2,1030,1010,123,3.74,190,34.7,316000,4.42,35.4
W36X231,W920X344,231,68.2,36.5,0.76,16.5,1.26,15600,854,15.1,963,940,114,3.71,176,28.7,292000,4.4,35.2
W36X256,W920X381,256,75.3,37.4,0.96,12.2,1.73,16800,895,14.9,1040,528,86.5,2.65,137,52.9,168000,3.24,35.7
W36X232,W920X345,232,68,37.1,0.87,12.1,1.57,15000,809,14.8,936,468,77.2,2.62,122,39.6,148000,3.21,35.5
W36X210,W920X313,210,61.9,36.7,0.83,12.2,1.36,13200,719,14.6,833,411,67.5,2.58,107,28,128000,3.18,35.3
W36X194,W920X289,194,57,36.5,0.765,12.1,1.26,12100,664,14.6,767,375,61.9,2.56,97.7,22.2,116000,3.15,35.2
W36X182,W920X271,182,53.6,36.3,0.725,12.1,1.18,11300,623,14.5,718,347,57.6,2.55,90.7,18.5,107000,3.13,35.1
W36X170,W920X253,170,50,36.2,0.68,12,1.1,10500,581,14.5,668,320,53.2,2.53,83.8,15.1,98500,3.11,35.1
W36X160,W920X238,160,47,36,0.65,12,1.02,9760,542,14.4,624,295,49.1,2.5,77.3,12.4,90200,3.09,35
W36X150,W920X223,150,44.3,35.9,0.625,12,0.94,9040,504,14.3,581,270,45.1,2.47,70.9,10.1,82200,3.06,35
W36X135,W920X201,135,39.9,35.6,0.6,12,0.79,7800,439,14,509,225,37.7,2.38,59.7,7,68100,2.99,34.8
W33X387,W840X576,387,114,36,1.26,16.2,2.28,24300,1350,14.6,1560,1620,200,3.77,312,148,459000,4.49,33.7
W33X354,W840X527,354,104,35.6,1.16,16.1,2.09,22000,1240,14.5,1420,1460,181,3.74,282,115,408000,4.44,33.5
W33X318,W840X473,318,93.7,35.2,1.04,16,1.89,19500,1110,14.5,1270,1290,161,3.71,250,84.4,357000,4.4,33.3
W33X291,W840X433,291,85.6,34.8,0.96,15.9,1.73,17700,1020,14.4,1160,1160,146,3.68,226,65.1,319000,4.34,33.1
W33X263,W840X392,263,77.4,34.5,0.87,15.8,1.57,15900,919,14.3,1040,1040,131,3.66,202,48.7,281000,4.31,32.9
W33X241,W840X359,241,71.1,34.2,0.83,15.9,1.4,14200,831,14.1,940,933,118,3.62,182,36.2,251000,4.29,32.8
W33X221,W840X329,221,65.3,33.9,0.775,15.8,1.28,12900,759,14.1,857,840,106,3.59,164,27.8,224000,4.25,32.6
W33X201,W840X299,201,59.1,33.7,0.715,15.7,1.15,11600,686,14,773,749,95.2,3.56,147,20.8,198000,4.21,32.6
W33X169,W840X251,169,49.5,33.8,0.67,11.5,1.22,9290,549,13.7,629,310,53.9,2.5,84.4,17.7,82400,3.03,32.6
W33X152,W840X226,152,44.9,33.5,0.635,11.6,1.06,8160,487,13.5,559,273,47.2,2.47,73.9,12.4,71700,3.01,32.4
W33X141,W840X210,141,41.5,33.3,0.605,11.5,0.96,7450,448,13.4,514,246,42.7,2.43,66.9,9.7,64400,2.98,32.3
W33X130,W840X193,130,38.3,33.1,0.58,11.5,0.855,6710,406,13.2,467,218,37.9,2.39,59.5,7.37,56600,2.94,32.2
W33X118,W840X176,118,34.7,32.9,0.55,11.5,0.74,5900,359,13,415,187,32.6,2.32,51.3,5.3,48300,2.89,32.2
W30X391,W760X582,391,115,33.2,1.36,15.6,2.44,20700,1250,13.4,1450,1550,198,3.67,310,173,366000,4.37,30.8
W30X357,W760X531,357,105,32.8,1.24,15.5,2.24,18700,1140,13.3,1320,1390,179,3.64,279,134,324000,4.31,30.6
W30X326,W760X484,326,95.9,32.4,1.14,15.4,2.05,16800,1040,13.2,1190,1240,162,3.6,252,103,287000,4.26,30.4
W30X292,W760X434,292,86,32,1.02,15.3,1.85,14900,930,13.2,1060,1100,144,3.58,223,75.2,250000,4.22,30.2
W30X261,W760X389,261,77,31.6,0.93,15.2,1.65,13100,829,13.1,943,959,127,3.53,196,54.1,215000,4.16,30
W30X235,W760X350,235,69.3,31.3,0.83,15.1,1.5,11700,748,13,847,855,114,3.51,175,40.3,190000,4.13,29.8
W30X211,W760X314,211,62.3,30.9,0.775,15.1,1.32,10300,665,12.9,751,757,100,3.49,155,28.4,166000,4.11,29.6
W30X191,W760X284,191,56.1,30.7,0.71,15,1.19,9200,600,12.8,675,673,89.5,3.46,138,21,146000,4.06,29.5
W30X173,W760X257,173,50.9,30.4,0.655,15,1.07,8230,541,12.7,607,598,79.8,3.42,123,15.6,129000,4.03,29.3
W30X148,W760X220,148,43.6,30.7,0.65,10.5,1.18,6680,436,12.4,500,227,43.3,2.28,68,14.5,49400,2.77,29.5
W30X132,W760X196,132,38.8,30.3,0.615,10.5,1,5770,380,12.2,437,196,37.2,2.25,58.4,9.72,42100,2.75,29.3
W30X124,W760X185,124,36.5,30.2,0.585,10.5,0.93,5360,355,12.1,408,181,34.4,2.23,54,7.99,38600,2.73,29.3
W30X116,W760X173,116,34.2,30,0.565,10.5,0.85,4930,329,12,378,164,31.3,2.19,49.2,6.43,34900,2.7,29.2
W30X108,W760X161,108,31.7,29.8,0.545,10.5,0.76,4470,299,11.9,346,146,27.9,2.15,43.9,4.99,30900,2.67,29
W30X99,W760X147,99,29,29.7,0.52,10.5,0.67,3990,269,11.7,312,128,24.5,2.1,38.6,3.77,26800,2.62,29
W30X90,W760X134,90,26.3,29.5,0.47,10.4,0.61,3610,245,11.7,283,115,22.1,2.09,34.7,2.84,24000,2.6,28.9
W27X539,W690X802,539,159,32.5,1.97,15.3,3.54,25600,1570,12.7,1890,2110,277,3.65,437,496,443000,4.41,29
W27X368,W690X548,368,109,30.4,1.38,14.7,2.48,16200,1060,12.2,1240,1310,179,3.48,279,170,255000,4.15,27.9
W27X336,W690X500,336,99.2,30,1.26,14.6,2.28,14600,972,12.1,1130,1180,162,3.45,252,131,226000,4.1,27.7
W27X307,W690X457,307,90.2,29.6,1.16,14.4,2.09,13100,887,12,1030,1050,146,3.41,227,101,199000,4.04,27.5
W27X281,W690X419,281,83.1,29.3,1.06,14.4,1.93,11900,814,12,936,953,133,3.39,206,79.5,178000,4,27.4
W27X258,W690X384,258,76.1,29,0.98,14.3,1.77,10800,745,11.9,852,859,120,3.36,187,61.6,159000,3.96,27.2
W27X235,W690X350,235,69.4,28.7,0.91,14.2,1.61,9700,677,11.8,772,769,108,3.33,168,47,141000,3.92,27.1
W27X217,W690X323,217,63.9,28.4,0.83,14.1,1.5,8910,627,11.8,711,704,100,3.32,154,37.6,128000,3.89,26.9
W27X194,W690X289,194,57.1,28.1,0.75,14,1.34,7860,559,11.7,631,619,88.1,3.29,136,27.1,111000,3.85,26.8
W27X178,W690X265,178,52.5,27.8,0.725,14.1,1.19,7020,505,11.6,570,555,78.8,3.25,122,20.1,98400,3.83,26.6
W27X161,W690X240,161,47.6,27.6,0.66,14,1.08,6310,458,11.5,515,497,70.9,3.23,109,15.1,87300,3.79,26.5
W27X146,W690X217,146,43.2,27.4,0.605,14,0.975,5660,414,11.5,464,443,63.5,3.2,97.7,11.3,77200,3.76,26.4
W27X129,W690X192,129,37.8,27.6,0.61,10,1.1,4760,345,11.2,395,184,36.8,2.21,57.6,11.1,32500,2.66,26.5
W27X114,W690X170,114,33.6,27.3,0.57,10.1,0.93,4080,299,11,343,159,31.5,2.18,49.3,7.33,27600,2.65,26.4
W27X102,W690X152,102,30,27.1,0.515,10,0.83,3620,267,11,305,139,27.8,2.15,43.4,5.28,24000,2.62,26.3
W27X94,W690X140,94,27.6,26.9,0.49,10,0.745,3270,243,10.9,278,124,24.8,2.12,38.8,4.03,21300,2.59,26.2
W27X84,W690X125,84,24.7,26.7,0.46,10,0.64,2850,213,10.7,244,106,21.2,2.07,33.2,2.81,17900,2.54,26.1
W24X370,W610X551,370,109,28,1.52,13.7,2.72,13400,957,11.1,1130,1160,170,3.27,267,201,186000,3.92,25.3
W24X335,W610X498,335,98.3,27.5,1.38,13.5,2.48,11900,864,11,1020,1030,152,3.23,238,152,161000,3.86,25
W24X306,W610X455,306,89.7,27.1,1.26,13.4,2.28,10700,789,10.9,922,919,137,3.2,214,117,142000,3.81,24.8
W24X279,W610X415,279,81.9,26.7,1.16,13.3,2.09,9600,718,10.8,835,823,124,3.17,193,90.5,125000,3.76,24.6
W24X250,W610X372,250,73.5,26.3,1.04,13.2,1.89,8490,644,10.7,744,724,110,3.14,171,66.6,108000,3.71,24.4
W24X229,W610X341,229,67.2,26,0.96,13.1,1.73,7650,588,10.7,675,651,99.4,3.11,154,51.3,96100,3.67,24.3
W24X207,W610X307,207,60.7,25.7,0.87,13,1.57,6820,531,10.6,606,578,88.8,3.08,137,38.3,84100,3.62,24.1
W24X192,W610X285,192,56.5,25.5,0.81,13,1.46,6260,491,10.5,559,530,81.8,3.07,126,30.8,76300,3.6,24
W24X176,W610X262,176,51.7,25.2,0.75,12.9,1.34,5680,450,10.5,511,479,74.3,3.04,115,23.9,68400,3.57,23.9
W24X162,W610X241,162,47.8,25,0.705,13,1.22,5170,414,10.4,468,443,68.4,3.05,105,18.5,62600,3.57,23.8
W24X146,W610X217,146,43,24.7,0.65,12.9,1.09,4580,371,10.3,418,391,60.5,3.01,93.2,13.4,54600,3.53,23.6
W24X131,W610X195,131,38.6,24.5,0.605,12.9,0.96,4020,329,10.2,370,340,53,2.97,81.5,9.5,47100,3.49,23.5
W24X117,W610X174,117,34.4,24.3,0.55,12.8,0.85,3540,291,10.1,327,297,46.5,2.94,71.4,6.72,40800,3.46,23.5
W24X104,W610X155,104,30.7,24.1,0.5,12.8,0.75,3100,258,10.1,289,259,40.7,2.91,62.4,4.72,35200,3.42,23.4
W24X103,W610X153,103,30.3,24.5,0.55,9,0.98,3000,245,10,280,119,26.5,1.99,41.5,7.07,16600,2.4,23.5
W24X94,W610X140,94,27.7,24.3,0.515,9.07,0.875,2700,222,9.87,254,109,24,1.98,37.5,5.26,15000,2.4,23.4
W24X84,W610X125,84,24.7,24.1,0.47,9.02,0.77,2370,196,9.79,224,94.4,20.9,1.95,32.6,3.7,12800,2.37,23.3
W24X76,W610X113,76,22.4,23.9,0.44,8.99,0.68,2100,176,9.69,200,82.5,18.4,1.92,28.6,2.68,11100,2.33,23.2
W24X68,W610X101,68,20.1,23.7,0.415,8.97,0.585,1830,154,9.55,177,70.4,15.7,1.87,24.5,1.87,9430,2.3,23.1
W24X62,W610X92,62,18.2,23.7,0.43,7.04,0.59,1550,131,9.23,153,34.5,9.8,1.38,15.7,1.71,4620,1.75,23.1
W24X55,W610X82,55,16.2,23.6,0.395,7.01,0.505,1350,114,9.11,134,29.1,8.3,1.34,13.3,1.18,3870,1.72,23.1
W21X275,W530X409,275,81.8,24.1,1.22,12.9,2.19,7690,638,9.7,749,787,122,3.1,191,107,94400,3.68,21.9
W21X248,W530X369,248,73.8,23.7,1.1,12.8,1.99,6830,576,9.62,671,699,109,3.08,170,80.7,82400,3.63,21.7
W21X223,W530X332,223,66.5,23.4,1,12.7,1.79,6080,520,9.56,601,614,96.7,3.04,150,59.5,71700,3.57,21.6
W21X201,W530X300,201,59.3,23,0.91,12.6,1.63,5310,461,9.47,530,542,86.1,3.02,133,40.9,62000,3.55,21.4
W21X182,W530X272,182,53.6,22.7,0.83,12.5,1.48,4730,417,9.4,476,483,77.2,3,119,30.7,54400,3.51,21.2
W21X166,W530X248,166,48.8,22.5,0.75,12.4,1.36,4280,380,9.36,432,435,70,2.99,108,23.6,48500,3.48,21.1
W21X147,W530X219,147,43.2,22.1,0.72,12.5,1.15,3630,329,9.17,373,376,60.1,2.95,92.6,15.4,41100,3.46,21
W21X132,W530X196,132,38.8,21.8,0.65,12.4,1.04,3220,295,9.12,333,333,53.5,2.93,82.3,11.3,36000,3.43,20.8
W21X122,W530X182,122,35.9,21.7,0.6,12.4,0.96,2960,273,9.09,307,305,49.2,2.92,75.6,8.98,32700,3.4,20.7
W21X111,W530X165,111,32.6,21.5,0.55,12.3,0.875,2670,249,9.05,279,274,44.5,2.9,68.2,6.83,29200,3.37,20.6
W21X101,W530X150,101,29.8,21.4,0.5,12.3,0.8,2420,227,9.02,253,248,40.3,2.89,61.7,5.21,26200,3.35,20.6
W21X93,W530X138,93,27.3,21.6,0.58,8.42,0.93,2070,192,8.7,221,92.9,22.1,1.84,34.7,6.03,9940,2.24,20.7
W21X83,W530X123,83,24.4,21.4,0.515,8.36,0.835,1830,171,8.67,196,81.4,19.5,1.83,30.5,4.34,8630,2.21,20.6
W21X73,W530X109,73,21.5,21.2,0.455,8.3,0.74,1600,151,8.64,172,70.6,17,1.81,26.6,3.02,7410,2.19,20.5
W21X68,W530X101,68,20,21.1,0.43,8.27,0.685,1480,140,8.6,160,64.7,15.7,1.8,24.4,2.45,6760,2.17,20.4
W21X62,W530X92,62,18.3,21,0.4,8.24,0.615,1330,127,8.54,144,57.5,14,1.77,21.7,1.83,5960,2.15,20.4
W21X55,W530X82,55,16.2,20.8,0.375,8.22,0.522,1140,110,8.4,126,48.4,11.8,1.73,18.4,1.24,4980,2.11,20.3
W21X48,W530X72,48,14.1,20.6,0.35,8.14,0.43,959,93,8.24,107,38.7,9.52,1.66,14.9,0.803,3950,2.05,20.2
W21X57,W530X85,57,16.7,21.1,0.405,6.56,0.65,1170,111,8.36,129,30.6,9.35,1.35,14.8,1.77,3190,1.68,20.5
W21X50,W530X74,50,14.7,20.8,0.38,6.53,0.535,984,94.5,8.18,110,24.9,7.64,1.3,12.2,1.14,2570,1.64,20.3
W21X44,W530X66,44,13,20.7,0.35,6.5,0.45,843,81.6,8.06,95.4,20.7,6.37,1.26,10.2,0.77,2110,1.6,20.3
W18X311,W460X464,311,91.6,22.3,1.52,12,2.74,6970,624,8.72,754,795,132,2.95,207,176,76200,3.53,19.6
W18X283,W460X421,283,83.3,21.9,1.4,11.9,2.5,6170,565,8.61,676,704,118,2.91,185,134,65900,3.47,19.4
W18X258,W460X384,258,76,21.5,1.28,11.8,2.3,5510,514,8.53,611,628,107,2.88,166,103,57600,3.42,19.2
W18X234,W460X349,234,68.6,21.1,1.16,11.7,2.11,4900,466,8.44,549,558,95.8,2.85,149,78.7,50100,3.37,19
W18X211,W460X315,211,62.3,20.7,1.06,11.6,1.91,4330,419,8.35,490,493,85.3,2.82,132,58.6,43400,3.32,18.8
W18X192,W460X286,192,56.2,20.4,0.96,11.5,1.75,3870,380,8.28,442,440,76.8,2.79,119,44.7,38000,3.28,18.7
W18X175,W460X260,175,51.4,20,0.89,11.4,1.59,3450,344,8.2,398,391,68.8,2.76,106,33.8,33300,3.24,18.4
W18X158,W460X235,158,46.3,19.7,0.81,11.3,1.44,3060,310,8.12,356,347,61.4,2.74,94.8,25.2,29000,3.2,18.3
W18X143,W460X213,143,42,19.5,0.73,11.2,1.32,2750,282,8.09,322,311,55.5,2.72,85.4,19.2,25700,3.17,18.2
W18X130,W460X193,130,38.3,19.3,0.67,11.2,1.2,2460,256,8.03,290,278,49.9,2.7,76.7,14.5,22700,3.13,18.1
W18X119,W460X177,119,35.1,19,0.655,11.3,1.06,2190,231,7.9,262,253,44.9,2.69,69.1,10.6,20300,3.13,17.9
W18X106,W460X158,106,31.1,18.7,0.59,11.2,0.94,1910,204,7.84,230,220,39.4,2.66,60.5,7.48,17400,3.1,17.8
W18X97,W460X144,97,28.5,18.6,0.535,11.1,0.87,1750,188,7.82,211,201,36.1,2.65,55.3,5.86,15800,3.08,17.7
W18X86,W460X128,86,25.3,18.4,0.48,11.1,0.77,1530,166,7.77,186,175,31.6,2.63,48.4,4.1,13600,3.05,17.6
W18X76,W460X113,76,22.3,18.2,0.425,11,0.68,1330,146,7.73,163,152,27.6,2.61,42.2,2.83,11700,3.02,17.5
W18X71,W460X106,71,20.9,18.5,0.495,7.64,0.81,1170,127,7.5,146,60.3,15.8,1.7,24.7,3.49,4700,2.05,17.7
W18X65,W460X97,65,19.1,18.4,0.45,7.59,0.75,1070,117,7.49,133,54.8,14.4,1.69,22.5,2.73,4240,2.03,17.7
W18X60,W460X89,60,17.6,18.2,0.415,7.56,0.695,984,108,7.47,123,50.1,13.3,1.68,20.6,2.17,3850,2.02,17.5
W18X55,W460X82,55,16.2,18.1,0.39,7.53,0.63,890,98.3,7.41,112,44.9,11.9,1.67,18.5,1.66,3430,2,17.5
W18X50,W460X74,50,14.7,18,0.355,7.5,0.57,800,88.9,7.38,101,40.1,10.7,1.65,16.6,1.24,3040,1.98,17.4
W18X46,W460X68,46,13.5,18.1,0.36,6.06,0.605,712,78.8,7.25,90.7,22.5,7.43,1.29,11.7,1.22,1720,1.58,17.5
W18X40,W460X60,40,11.8,17.9,0.315,6.02,0.525,612,68.4,7.21,78.4,19.1,6.35,1.27,10,0.81,1440,1.56,17.4
W18X35,W460X52,35,10.3,17.7,0.3,6,0.425,510,57.6,7.04,66.5,15.3,5.12,1.22,8.06,0.506,1140,1.51,17.3
W16X100,W410X149,100,29.4,17,0.585,10.4,0.985,1490,175,7.1,198,186,35.7,2.51,54.9,7.73,11900,2.92,16
W16X89,W410X132,89,26.2,16.8,0.525,10.4,0.875,1300,155,7.05,175,163,31.4,2.49,48.1,5.45,10200,2.88,15.9
W16X77,W410X114,77,22.6,16.5,0.455,10.3,0.76,1110,134,7,150,138,26.9,2.47,41.1,3.57,8590,2.85,15.7
W16X67,W410X100,67,19.6,16.3,0.395,10.2,0.665,954,117,6.96,130,119,23.2,2.46,35.5,2.39,7300,2.82,15.6
W16X57,W410X85,57,16.8,16.4,0.43,7.12,0.715,758,92.2,6.72,105,43.1,12.1,1.6,18.9,2.22,2660,1.92,15.7
W16X50,W410X75,50,14.7,16.3,0.38,7.07,0.63,659,81,6.68,92,37.2,10.5,1.59,16.3,1.52,2270,1.89,15.7
W16X45,W410X67,45,13.3,16.1,0.345,7.04,0.565,586,72.7,6.65,82.3,32.8,9.34,1.57,14.5,1.11,1990,1.87,15.5
W16X40,W410X60,40,11.8,16,0.305,7,0.505,518,64.7,6.63,73,28.9,8.25,1.57,12.7,0.794,1730,1.86,15.5
W16X36,W410X53,36,10.6,15.9,0.295,6.99,0.43,448,56.5,6.51,64,24.5,7,1.52,10.8,0.545,1460,1.83,15.5
W16X31,W410X46.1,31,9.13,15.9,0.275,5.53,0.44,375,47.2,6.41,54,12.4,4.49,1.17,7.03,0.461,739,1.42,15.5
W16X26,W410X38.8,26,7.68,15.7,0.25,5.5,0.345,301,38.4,6.26,44.2,9.59,3.49,1.12,5.48,0.262,565,1.38,15.4
W14X873,W360X1299,873,257,23.6,3.94,18.8,5.51,18100,1530,8.39,2030,6170,656,4.9,1020,2270,505000,6.04,18.1
W14X808,W360X1202,808,238,22.8,3.74,18.6,5.12,15900,1390,8.17,1830,5550,597,4.83,930,1840,434000,5.94,17.7
W14X730,W360X1086,730,215,22.4,3.07,17.9,4.91,14300,1280,8.17,1660,4720,527,4.69,816,1450,362000,5.68,17.5
W14X665,W360X990,665,196,21.6,2.83,17.7,4.52,12400,1150,7.98,1480,4170,472,4.62,730,1120,305000,5.57,17.1
W14X605,W360X900,605,178,20.9,2.6,17.4,4.16,10800,1040,7.8,1320,3680,423,4.55,652,869,258000,5.44,16.7
W14X550,W360X818,550,162,20.2,2.38,17.2,3.82,9430,931,7.63,1180,3250,378,4.49,583,669,219000,5.35,16.4
W14X500,W360X744,500,147,19.6,2.19,17,3.5,8210,838,7.48,1050,2880,339,4.43,522,514,187000,5.26,16.1
W14X455,W360X677,455,134,19,2.02,16.8,3.21,7190,756,7.33,936,2560,304,4.38,468,395,160000,5.17,15.8
W14X426,W360X634,426,125,18.7,1.88,16.7,3.04,6600,706,7.26,869,2360,283,4.34,434,331,144000,5.11,15.7
W14X398,W360X592,398,117,18.3,1.77,16.6,2.85,6000,656,7.16,801,2170,262,4.31,402,273,129000,5.05,15.5
W14X370,W360X551,370,109,17.9,1.66,16.5,2.66,5440,607,7.07,736,1990,241,4.27,370,222,116000,5,15.2
W14X342,W360X509,342,101,17.5,1.54,16.4,2.47,4900,558,6.98,672,1810,221,4.24,338,178,103000,4.95,15
W14X311,W360X463,311,91.4,17.1,1.41,16.2,2.26,4330,506,6.88,603,1610,199,4.2,304,136,89100,4.87,14.8
W14X283,W360X421,283,83.3,16.7,1.29,16.1,2.07,3840,459,6.79,542,1440,179,4.17,274,104,77700,4.8,14.6
W14X257,W360X382,257,75.6,16.4,1.18,16,1.89,3400,415,6.71,487,1290,161,4.13,246,79.1,67800,4.75,14.5
W14X233,W360X347,233,68.5,16,1.07,15.9,1.72,3010,375,6.63,436,1150,145,4.1,221,59.5,59000,4.69,14.3
W14X211,W360X314,211,62,15.7,0.98,15.8,1.56,2660,338,6.55,390,1030,130,4.07,198,44.6,51500,4.64,14.1
W14X193,W360X287,193,56.8,15.5,0.89,15.7,1.44,2400,310,6.5,355,931,119,4.05,180,34.8,45900,4.59,14.1
W14X176,W360X262,176,51.8,15.2,0.83,15.7,1.31,2140,281,6.43,320,838,107,4.02,163,26.5,40500,4.55,13.9
W14X159,W360X237,159,46.7,15,0.745,15.6,1.19,1900,254,6.38,287,748,96.2,4,146,19.7,35600,4.51,13.8
W14X145,W360X216,145,42.7,14.8,0.68,15.5,1.09,1710,232,6.33,260,677,87.3,3.98,133,15.2,31700,4.47,13.7
W14X132,W360X196,132,38.8,14.7,0.645,14.7,1.03,1530,209,6.28,234,548,74.5,3.76,113,12.3,25500,4.23,13.7
W14X120,W360X179,120,35.3,14.5,0.59,14.7,0.94,1380,190,6.24,212,495,67.5,3.74,102,9.37,22700,4.2,13.6
W14X109,W360X162,109,32,14.3,0.525,14.6,0.86,1240,173,6.22,192,447,61.2,3.73,92.7,7.12,20200,4.17,13.4
W14X99,W360X147,99,29.1,14.2,0.485,14.6,0.78,1110,157,6.17,173,402,55.2,3.71,83.6,5.37,18000,4.14,13.4
W14X90,W360X134,90,26.5,14,0.44,14.5,0.71,999,143,6.14,157,362,49.9,3.7,75.6,4.06,16000,4.1,13.3
W14X82,W360X122,82,24,14.3,0.51,10.1,0.855,881,123,6.05,139,148,29.3,2.48,44.8,5.07,6710,2.85,13.4
W14X74,W360X110,74,21.8,14.2,0.45,10.1,0.785,795,112,6.04,126,134,26.6,2.48,40.5,3.87,5990,2.83,13.4
W14X68,W360X101,68,20,14,0.415,10,0.72,722,103,6.01,115,121,24.2,2.46,36.9,3.01,5380,2.8,13.3
W14X61,W360X91,61,17.9,13.9,0.375,10,0.645,640,92.1,5.98,102,107,21.5,2.45,32.8,2.19,4710,2.78,13.3
W14X53,W360X79,53,15.6,13.9,0.37,8.06,0.66,541,77.8,5.89,87.1,57.7,14.3,1.92,22,1.94,2540,2.22,13.2
W14X48,W360X72,48,14.1,13.8,0.34,8.03,0.595,484,70.2,5.85,78.4,51.4,12.8,1.91,19.6,1.45,2240,2.2,13.2
W14X43,W360X64,43,12.6,13.7,0.305,8,0.53,428,62.6,5.82,69.6,45.2,11.3,1.89,17.3,1.05,1950,2.18,13.2
W14X38,W360X57.8,38,11.2,14.1,0.31,6.77,0.515,385,54.6,5.87,61.5,26.7,7.88,1.55,12.1,0.798,1230,1.82,13.6
W14X34,W360X51,34,10,14,0.285,6.75,0.455,340,48.6,5.83,54.6,23.3,6.91,1.53,10.6,0.569,1070,1.8,13.5
W14X30,W360X44,30,8.85,13.8,0.27,6.73,0.385,291,42,5.73,47.3,19.6,5.82,1.49,8.99,0.38,887,1.77,13.4
W14X26,W360X39,26,7.69,13.9,0.255,5.03,0.42,245,35.3,5.65,40.2,8.91,3.55,1.08,5.54,0.358,405,1.3,13.5
W14X22,W360X32.9,22,6.49,13.7,0.23,5,0.335,199,29,5.54,33.2,7,2.8,1.04,4.39,0.208,314,1.27,13.4
W12X336,W310X500,336,98.9,16.8,1.78,13.4,2.96,4060,483,6.41,603,1190,177,3.47,274,243,57000,4.13,13.8
W12X305,W310X454,305,89.5,16.3,1.63,13.2,2.71,3550,435,6.29,537,1050,159,3.42,244,185,48600,4.05,13.6
W12X279,W310X415,279,81.9,15.9,1.53,13.1,2.47,3110,393,6.16,481,937,143,3.38,220,143,42000,4,13.4
W12X252,W310X375,252,74.1,15.4,1.4,13,2.25,2720,353,6.06,428,828,127,3.34,196,108,35800,3.93,13.2
W12X230,W310X342,230,67.7,15.1,1.29,12.9,2.07,2420,321,5.97,386,742,115,3.31,177,83.8,31200,3.87,13
W12X210,W310X313,210,61.8,14.7,1.18,12.8,1.9,2140,292,5.89,348,664,104,3.28,159,64.7,27200,3.81,12.8
W12X190,W310X283,190,56,14.4,1.06,12.7,1.74,1890,263,5.82,311,589,93,3.25,143,48.8,23600,3.77,12.7
W12X170,W310X253,170,50,14,0.96,12.6,1.56,1650,235,5.74,275,517,82.3,3.22,126,35.6,20100,3.7,12.4
W12X152,W310X226,152,44.7,13.7,0.87,12.5,1.4,1430,209,5.66,243,454,72.8,3.19,111,25.8,17200,3.66,12.3
W12X136,W310X202,136,39.9,13.4,0.79,12.4,1.25,1240,186,5.58,214,398,64.2,3.16,98,18.5,14700,3.61,12.2
W12X120,W310X179,120,35.2,13.1,0.71,12.3,1.11,1070,163,5.51,186,345,56,3.13,85.4,12.9,12400,3.56,12
W12X106,W310X158,106,31.2,12.9,0.61,12.2,0.99,933,145,5.47,164,301,49.3,3.11,75.1,9.13,10700,3.52,11.9
W12X96,W310X143,96,28.2,12.7,0.55,12.2,0.9,833,131,5.44,147,270,44.4,3.09,67.5,6.85,9410,3.49,11.8
W12X87,W310X129,87,25.6,12.5,0.515,12.1,0.81,740,118,5.38,132,241,39.7,3.07,60.4,5.1,8270,3.46,11.7
W12X79,W310X117,79,23.2,12.4,0.47,12.1,0.735,662,107,5.34,119,216,35.8,3.05,54.3,3.84,7330,3.43,11.7
W12X72,W310X107,72,21.1,12.3,0.43,12,0.67,597,97.4,5.31,108,195,32.4,3.04,49.2,2.93,6540,3.41,11.6
W12X65,W310X97,65,19.1,12.1,0.39,12,0.605,533,87.9,5.28,96.8,174,29.1,3.02,44.1,2.18,5780,3.38,11.5
W12X58,W310X86,58,17,12.2,0.36,10,0.64,475,78,5.28,86.4,107,21.4,2.51,32.5,2.1,3570,2.81,11.6
W12X53,W310X79,53,15.6,12.1,0.345,10,0.575,425,70.6,5.23,77.9,95.8,19.2,2.48,29.1,1.58,3160,2.79,11.5
W12X50,W310X74,50,14.6,12.2,0.37,8.08,0.64,391,64.2,5.18,71.9,56.3,13.9,1.96,21.3,1.71,1880,2.25,11.6
W12X45,W310X67,45,13.1,12.1,0.335,8.05,0.575,348,57.7,5.15,64.2,50,12.4,1.95,19,1.26,1650,2.23,11.5
W12X40,W310X60,40,11.7,11.9,0.295,8.01,0.515,307,51.5,5.13,57,44.1,11,1.94,16.8,0.906,1440,2.21,11.4
W12X35,W310X52,35,10.3,12.5,0.3,6.56,0.52,285,45.6,5.25,51.2,24.5,7.47,1.54,11.5,0.741,879,1.79,12
W12X30,W310X44.5,30,8.79,12.3,0.26,6.52,0.44,238,38.6,5.21,43.1,20.3,6.24,1.52,9.56,0.457,720,1.77,11.9
W12X26,W310X38.7,26,7.65,12.2,0.23,6.49,0.38,204,33.4,5.17,37.2,17.3,5.34,1.51,8.17,0.3,607,1.75,11.8
W12X22,W310X32.7,22,6.48,12.3,0.26,4.03,0.425,156,25.4,4.91,29.3,4.66,2.31,0.848,3.66,0.293,164,1.04,11.9
W12X19,W310X28.3,19,5.57,12.2,0.235,4.01,0.35,130,21.3,4.82,24.7,3.76,1.88,0.822,2.98,0.18,131,1.02,11.9
W12X16,W310X23.8,16,4.71,12,0.22,3.99,0.265,103,17.1,4.67,20.1,2.82,1.41,0.773,2.26,0.103,96.9,0.983,11.7
W12X14,W310X21,14,4.16,11.9,0.2,3.97,0.225,88.6,14.9,4.62,17.4,2.36,1.19,0.753,1.9,0.0704,80.4,0.961,11.7
W10X112,W250X167,112,32.9,11.4,0.755,10.4,1.25,716,126,4.66,147,236,45.3,2.68,69.2,15.1,6020,3.08,10.2
W10X100,W250X149,100,29.3,11.1,0.68,10.3,1.12,623,112,4.6,130,207,40,2.65,61,10.9,5150,3.04,10
W10X88,W250X131,88,26,10.8,0.605,10.3,0.99,534,98.5,4.54,113,179,34.8,2.63,53.1,7.53,4330,2.99,9.81
W10X77,W250X115,77,22.7,10.6,0.53,10.2,0.87,455,85.9,4.49,97.6,154,30.1,2.6,45.9,5.11,3630,2.95,9.73
W10X68,W250X101,68,19.9,10.4,0.47,10.1,0.77,394,75.7,4.44,85.3,134,26.4,2.59,40.1,3.56,3100,2.92,9.63
W10X60,W250X89,60,17.7,10.2,0.42,10.1,0.68,341,66.7,4.39,74.6,116,23,2.57,35,2.48,2640,2.88,9.52
W10X54,W250X80,54,15.8,10.1,0.37,10,0.615,303,60,4.37,66.6,103,20.6,2.56,31.3,1.82,2320,2.85,9.49
W10X49,W250X73,49,14.4,10,0.34,10,0.56,272,54.6,4.35,60.4,93.4,18.7,2.54,28.3,1.39,2070,2.84,9.44
W10X45,W250X67,45,13.3,10.1,0.35,8.02,0.62,248,49.1,4.32,54.9,53.4,13.3,2.01,20.3,1.51,1200,2.27,9.48
W10X39,W250X58,39,11.5,9.92,0.315,7.99,0.53,209,42.1,4.27,46.8,45,11.3,1.98,17.2,0.976,992,2.24,9.39
W10X33,W250X49.1,33,9.71,9.73,0.29,7.96,0.435,171,35,4.19,38.8,36.6,9.2,1.94,14,0.583,791,2.2,9.3
W10X30,W250X44.8,30,8.84,10.5,0.3,5.81,0.51,170,32.4,4.38,36.6,16.7,5.75,1.37,8.84,0.622,414,1.6,9.99
W10X26,W250X38.5,26,7.61,10.3,0.26,5.77,0.44,144,27.9,4.35,31.3,14.1,4.89,1.36,7.5,0.402,345,1.58,9.86
W10X22,W250X32.7,22,6.49,10.2,0.24,5.75,0.36,118,23.2,4.27,26,11.4,3.97,1.33,6.1,0.239,275,1.55,9.84
W10X19,W250X28.4,19,5.62,10.2,0.25,4.02,0.395,96.3,18.8,4.14,21.6,4.29,2.14,0.874,3.35,0.233,104,1.06,9.81
W10X17,W250X25.3,17,4.99,10.1,0.24,4.01,0.33,81.9,16.2,4.05,18.7,3.56,1.78,0.845,2.8,0.156,85.1,1.04,9.77
W10X15,W250X22.3,15,4.41,9.99,0.23,4,0.27,68.9,13.8,3.95,16,2.89,1.45,0.81,2.3,0.104,68.3,1.01,9.72
W10X12,W250X17.9,12,3.54,9.87,0.19,3.96,0.21,53.8,10.9,3.9,12.6,2.18,1.1,0.785,1.74,0.0547,50.9,0.983,9.66
W8X67,W200X100,67,19.7,9,0.57,8.28,0.935,272,60.4,3.72,70.1,88.6,21.4,2.12,32.7,5.05,1440,2.43,8.07
W8X58,W200X86,58,17.1,8.75,0.51,8.22,0.81,228,52,3.65,59.8,75.1,18.3,2.1,27.9,3.33,1180,2.39,7.94
W8X48,W200X71,48,14.1,8.5,0.4,8.11,0.685,184,43.2,3.61,49,60.9,15,2.08,22.9,1.96,931,2.35,7.82
W8X40,W200X59,40,11.7,8.25,0.36,8.07,0.56,146,35.5,3.53,39.8,49.1,12.2,2.04,18.5,1.12,726,2.31,7.69
W8X35,W200X52,35,10.3,8.12,0.31,8.02,0.495,127,31.2,3.51,34.7,42.6,10.6,2.03,16.1,0.769,619,2.28,7.63
W8X31,W200X46.1,31,9.13,8,0.285,8,0.435,110,27.5,3.47,30.4,37.1,9.27,2.02,14.1,0.536,530,2.26,7.57
W8X28,W200X41.7,28,8.25,8.06,0.285,6.54,0.465,98,24.3,3.45,27.2,21.7,6.63,1.62,10.1,0.537,312,1.84,7.6
W8X24,W200X35.9,24,7.08,7.93,0.245,6.5,0.4,82.7,20.9,3.42,23.1,18.3,5.63,1.61,8.57,0.346,259,1.81,7.53
W8X21,W200X31.3,21,6.16,8.28,0.25,5.27,0.4,75.3,18.2,3.49,20.4,9.77,3.71,1.26,5.69,0.282,152,1.46,7.88
W8X18,W200X26.6,18,5.26,8.14,0.23,5.25,0.33,61.9,15.2,3.43,17,7.97,3.04,1.23,4.66,0.172,122,1.43,7.81
W8X15,W200X22.5,15,4.44,8.11,0.245,4.02,0.315,48,11.8,3.29,13.6,3.41,1.7,0.876,2.67,0.137,51.8,1.06,7.8
W8X13,W200X19.3,13,3.84,7.99,0.23,4,0.255,39.6,9.91,3.21,11.4,2.73,1.37,0.843,2.15,0.0871,40.8,1.03,7.74
W8X10,W200X15,10,2.96,7.89,0.17,3.94,0.205,30.8,7.81,3.22,8.87,2.09,1.06,0.841,1.66,0.0426,30.9,1.01,7.69
W6X25,W150X37.1,25,7.34,6.38,0.32,6.08,0.455,53.4,16.7,2.7,18.9,17.1,5.61,1.52,8.56,0.461,150,1.74,5.93
W6X20,W150X29.8,20,5.87,6.2,0.26,6.02,0.365,41.4,13.4,2.66,14.9,13.3,4.41,1.5,6.72,0.24,113,1.7,5.84
W6X15,W150X22.5,15,4.43,5.99,0.23,5.99,0.26,29.1,9.72,2.56,10.8,9.32,3.11,1.45,4.75,0.101,76.5,1.66,5.73
W6X16,W150X24,16,4.74,6.28,0.26,4.03,0.405,32.1,10.2,2.6,11.7,4.43,2.2,0.967,3.39,0.223,38.2,1.13,5.88
W6X12,W150X18,12,3.55,6.03,0.23,4,0.28,22.1,7.31,2.49,8.3,2.99,1.5,0.918,2.32,0.0903,24.7,1.08,5.75
W6X9,W150X13.5,9,2.68,5.9,0.17,3.94,0.215,16.4,5.56,2.47,6.23,2.2,1.11,0.905,1.72,0.0405,17.7,1.06,5.69
W6X8.5,W150X13,8.5,2.52,5.83,0.17,3.94,0.195,14.9,5.1,2.43,5.73,1.99,1.01,0.89,1.56,0.0333,15.8,1.05,5.64
W5X19,W130X28.1,19,5.56,5.15,0.27,5.03,0.43,26.3,10.2,2.17,11.6,9.13,3.63,1.28,5.53,0.316,50.9,1.45,4.72
W5X16,W130X23.8,16,4.71,5.01,0.24,5,0.36,21.4,8.55,2.13,9.63,7.51,3,1.26,4.58,0.192,40.6,1.43,4.65
W4X13,W100X19.3,13,3.83,4.16,0.28,4.06,0.345,11.3,5.46,1.72,6.28,3.86,1.9,1,2.92,0.151,14,1.16,3.82
